{
	"credit": "Made with Blockbench",
	"textures": {
		"3": "item/bronze",
		"particle": "item/white"
	},
	"elements": [
		{
			"name": "ring",
			"from": [4, 0, -6],
			"to": [12, 1, -4],
			"rotation": {"angle": 0, "axis": "y", "origin": [4, 0, -6]},
			"faces": {
				"north": {"uv": [0, 0, 2, 1], "texture": "#3"},
				"east": {"uv": [0, 0, 4, 1], "texture": "#3"},
				"south": {"uv": [0, 0, 2, 1], "texture": "#3"},
				"west": {"uv": [0, 0, 4, 1], "texture": "#3"},
				"up": {"uv": [0, 0, 2, 4], "texture": "#3"},
				"down": {"uv": [0, 0, 2, 4], "texture": "#3"}
			}
		},
		{
			"name": "ring",
			"from": [2, 0, -5],
			"to": [4, 1, -3],
			"rotation": {"angle": 0, "axis": "y", "origin": [2, 0, -5]},
			"faces": {
				"north": {"uv": [0, 0, 2, 1], "texture": "#3"},
				"east": {"uv": [0, 0, 4, 1], "texture": "#3"},
				"south": {"uv": [0, 0, 2, 1], "texture": "#3"},
				"west": {"uv": [0, 0, 4, 1], "texture": "#3"},
				"up": {"uv": [0, 0, 2, 4], "texture": "#3"},
				"down": {"uv": [0, 0, 2, 4], "texture": "#3"}
			}
		},
		{
			"name": "ring",
			"from": [0, 0, -4],
			"to": [2, 1, -2],
			"rotation": {"angle": 0, "axis": "y", "origin": [0, 0, -4]},
			"faces": {
				"north": {"uv": [0, 0, 2, 1], "texture": "#3"},
				"east": {"uv": [0, 0, 4, 1], "texture": "#3"},
				"south": {"uv": [0, 0, 2, 1], "texture": "#3"},
				"west": {"uv": [0, 0, 4, 1], "texture": "#3"},
				"up": {"uv": [0, 0, 2, 4], "texture": "#3"},
				"down": {"uv": [0, 0, 2, 4], "texture": "#3"}
			}
		},
		{
			"name": "ring",
			"from": [-1, 0, -3],
			"to": [0, 1, -2],
			"rotation": {"angle": 0, "axis": "y", "origin": [-2, 0, -3]},
			"faces": {
				"north": {"uv": [0, 0, 2, 1], "texture": "#3"},
				"east": {"uv": [0, 0, 4, 1], "texture": "#3"},
				"south": {"uv": [0, 0, 2, 1], "texture": "#3"},
				"west": {"uv": [0, 0, 4, 1], "texture": "#3"},
				"up": {"uv": [0, 0, 2, 4], "texture": "#3"},
				"down": {"uv": [0, 0, 2, 4], "texture": "#3"}
			}
		},
		{
			"name": "ring",
			"from": [-2, 0, -2],
			"to": [0, 1, 0],
			"rotation": {"angle": 0, "axis": "y", "origin": [-3, 0, -2]},
			"faces": {
				"north": {"uv": [0, 0, 2, 1], "texture": "#3"},
				"east": {"uv": [0, 0, 4, 1], "texture": "#3"},
				"south": {"uv": [0, 0, 2, 1], "texture": "#3"},
				"west": {"uv": [0, 0, 4, 1], "texture": "#3"},
				"up": {"uv": [0, 0, 2, 4], "texture": "#3"},
				"down": {"uv": [0, 0, 2, 4], "texture": "#3"}
			}
		},
		{
			"name": "ring",
			"from": [-3, 0, -1],
			"to": [-2, 1, 0],
			"rotation": {"angle": 0, "axis": "y", "origin": [-3, 0, -1]},
			"faces": {
				"north": {"uv": [0, 0, 2, 1], "texture": "#3"},
				"east": {"uv": [0, 0, 4, 1], "texture": "#3"},
				"south": {"uv": [0, 0, 2, 1], "texture": "#3"},
				"west": {"uv": [0, 0, 4, 1], "texture": "#3"},
				"up": {"uv": [0, 0, 2, 4], "texture": "#3"},
				"down": {"uv": [0, 0, 2, 4], "texture": "#3"}
			}
		},
		{
			"name": "ring",
			"from": [-2, 0, 0],
			"to": [-1, 1, 1],
			"rotation": {"angle": 0, "axis": "y", "origin": [-2, 0, 0]},
			"faces": {
				"north": {"uv": [0, 0, 2, 1], "texture": "#3"},
				"east": {"uv": [0, 0, 4, 1], "texture": "#3"},
				"south": {"uv": [0, 0, 2, 1], "texture": "#3"},
				"west": {"uv": [0, 0, 4, 1], "texture": "#3"},
				"up": {"uv": [0, 0, 2, 4], "texture": "#3"},
				"down": {"uv": [0, 0, 2, 4], "texture": "#3"}
			}
		},
		{
			"name": "ring",
			"from": [0, 0, -2],
			"to": [1, 1, -1],
			"rotation": {"angle": 0, "axis": "y", "origin": [0, 0, -2]},
			"faces": {
				"north": {"uv": [0, 0, 2, 1], "texture": "#3"},
				"east": {"uv": [0, 0, 4, 1], "texture": "#3"},
				"south": {"uv": [0, 0, 2, 1], "texture": "#3"},
				"west": {"uv": [0, 0, 4, 1], "texture": "#3"},
				"up": {"uv": [0, 0, 2, 4], "texture": "#3"},
				"down": {"uv": [0, 0, 2, 4], "texture": "#3"}
			}
		},
		{
			"name": "ring",
			"from": [15, 0, -2],
			"to": [16, 1, -1],
			"rotation": {"angle": 0, "axis": "y", "origin": [15, 0, -2]},
			"faces": {
				"north": {"uv": [0, 0, 2, 1], "texture": "#3"},
				"east": {"uv": [0, 0, 4, 1], "texture": "#3"},
				"south": {"uv": [0, 0, 2, 1], "texture": "#3"},
				"west": {"uv": [0, 0, 4, 1], "texture": "#3"},
				"up": {"uv": [0, 0, 2, 4], "texture": "#3"},
				"down": {"uv": [0, 0, 2, 4], "texture": "#3"}
			}
		},
		{
			"name": "ring",
			"from": [17, 0, 0],
			"to": [18, 1, 1],
			"rotation": {"angle": 0, "axis": "y", "origin": [17, 0, 0]},
			"faces": {
				"north": {"uv": [0, 0, 2, 1], "texture": "#3"},
				"east": {"uv": [0, 0, 4, 1], "texture": "#3"},
				"south": {"uv": [0, 0, 2, 1], "texture": "#3"},
				"west": {"uv": [0, 0, 4, 1], "texture": "#3"},
				"up": {"uv": [0, 0, 2, 4], "texture": "#3"},
				"down": {"uv": [0, 0, 2, 4], "texture": "#3"}
			}
		},
		{
			"name": "ring",
			"from": [17, 0, 15],
			"to": [18, 1, 16],
			"rotation": {"angle": 0, "axis": "y", "origin": [17, 0, 15]},
			"faces": {
				"north": {"uv": [0, 0, 2, 1], "texture": "#3"},
				"east": {"uv": [0, 0, 4, 1], "texture": "#3"},
				"south": {"uv": [0, 0, 2, 1], "texture": "#3"},
				"west": {"uv": [0, 0, 4, 1], "texture": "#3"},
				"up": {"uv": [0, 0, 2, 4], "texture": "#3"},
				"down": {"uv": [0, 0, 2, 4], "texture": "#3"}
			}
		},
		{
			"name": "ring",
			"from": [15, 0, 17],
			"to": [16, 1, 18],
			"rotation": {"angle": 0, "axis": "y", "origin": [15, 0, 17]},
			"faces": {
				"north": {"uv": [0, 0, 2, 1], "texture": "#3"},
				"east": {"uv": [0, 0, 4, 1], "texture": "#3"},
				"south": {"uv": [0, 0, 2, 1], "texture": "#3"},
				"west": {"uv": [0, 0, 4, 1], "texture": "#3"},
				"up": {"uv": [0, 0, 2, 4], "texture": "#3"},
				"down": {"uv": [0, 0, 2, 4], "texture": "#3"}
			}
		},
		{
			"name": "ring",
			"from": [0, 0, 17],
			"to": [1, 1, 18],
			"rotation": {"angle": 0, "axis": "y", "origin": [0, 0, 17]},
			"faces": {
				"north": {"uv": [0, 0, 2, 1], "texture": "#3"},
				"east": {"uv": [0, 0, 4, 1], "texture": "#3"},
				"south": {"uv": [0, 0, 2, 1], "texture": "#3"},
				"west": {"uv": [0, 0, 4, 1], "texture": "#3"},
				"up": {"uv": [0, 0, 2, 4], "texture": "#3"},
				"down": {"uv": [0, 0, 2, 4], "texture": "#3"}
			}
		},
		{
			"name": "ring",
			"from": [-2, 0, 15],
			"to": [-1, 1, 16],
			"rotation": {"angle": 0, "axis": "y", "origin": [-2, 0, 15]},
			"faces": {
				"north": {"uv": [0, 0, 2, 1], "texture": "#3"},
				"east": {"uv": [0, 0, 4, 1], "texture": "#3"},
				"south": {"uv": [0, 0, 2, 1], "texture": "#3"},
				"west": {"uv": [0, 0, 4, 1], "texture": "#3"},
				"up": {"uv": [0, 0, 2, 4], "texture": "#3"},
				"down": {"uv": [0, 0, 2, 4], "texture": "#3"}
			}
		},
		{
			"name": "ring",
			"from": [-4, 0, 0],
			"to": [-2, 1, 2],
			"rotation": {"angle": 0, "axis": "y", "origin": [-4, 0, 0]},
			"faces": {
				"north": {"uv": [0, 0, 2, 1], "texture": "#3"},
				"east": {"uv": [0, 0, 4, 1], "texture": "#3"},
				"south": {"uv": [0, 0, 2, 1], "texture": "#3"},
				"west": {"uv": [0, 0, 4, 1], "texture": "#3"},
				"up": {"uv": [0, 0, 2, 4], "texture": "#3"},
				"down": {"uv": [0, 0, 2, 4], "texture": "#3"}
			}
		},
		{
			"name": "ring",
			"from": [-5, 0, 2],
			"to": [-3, 1, 4],
			"rotation": {"angle": 0, "axis": "y", "origin": [-5, 0, 2]},
			"faces": {
				"north": {"uv": [0, 0, 2, 1], "texture": "#3"},
				"east": {"uv": [0, 0, 4, 1], "texture": "#3"},
				"south": {"uv": [0, 0, 2, 1], "texture": "#3"},
				"west": {"uv": [0, 0, 4, 1], "texture": "#3"},
				"up": {"uv": [0, 0, 2, 4], "texture": "#3"},
				"down": {"uv": [0, 0, 2, 4], "texture": "#3"}
			}
		},
		{
			"name": "ring",
			"from": [19, 0, 12],
			"to": [21, 1, 14],
			"rotation": {"angle": 0, "axis": "y", "origin": [21, 0, 14]},
			"faces": {
				"north": {"uv": [0, 0, 2, 1], "texture": "#3"},
				"east": {"uv": [0, 0, 4, 1], "texture": "#3"},
				"south": {"uv": [0, 0, 2, 1], "texture": "#3"},
				"west": {"uv": [0, 0, 4, 1], "texture": "#3"},
				"up": {"uv": [2, 4, 0, 0], "texture": "#3"},
				"down": {"uv": [2, 4, 0, 0], "texture": "#3"}
			}
		},
		{
			"name": "ring",
			"from": [18, 0, 14],
			"to": [20, 1, 16],
			"rotation": {"angle": 0, "axis": "y", "origin": [20, 0, 16]},
			"faces": {
				"north": {"uv": [0, 0, 2, 1], "texture": "#3"},
				"east": {"uv": [0, 0, 4, 1], "texture": "#3"},
				"south": {"uv": [0, 0, 2, 1], "texture": "#3"},
				"west": {"uv": [0, 0, 4, 1], "texture": "#3"},
				"up": {"uv": [2, 4, 0, 0], "texture": "#3"},
				"down": {"uv": [2, 4, 0, 0], "texture": "#3"}
			}
		},
		{
			"name": "ring",
			"from": [18, 0, 16],
			"to": [19, 1, 17],
			"rotation": {"angle": 0, "axis": "y", "origin": [19, 0, 17]},
			"faces": {
				"north": {"uv": [0, 0, 2, 1], "texture": "#3"},
				"east": {"uv": [0, 0, 4, 1], "texture": "#3"},
				"south": {"uv": [0, 0, 2, 1], "texture": "#3"},
				"west": {"uv": [0, 0, 4, 1], "texture": "#3"},
				"up": {"uv": [2, 4, 0, 0], "texture": "#3"},
				"down": {"uv": [2, 4, 0, 0], "texture": "#3"}
			}
		},
		{
			"name": "ring",
			"from": [16, 0, 16],
			"to": [18, 1, 18],
			"rotation": {"angle": 0, "axis": "y", "origin": [19, 0, 18]},
			"faces": {
				"north": {"uv": [0, 0, 2, 1], "texture": "#3"},
				"east": {"uv": [0, 0, 4, 1], "texture": "#3"},
				"south": {"uv": [0, 0, 2, 1], "texture": "#3"},
				"west": {"uv": [0, 0, 4, 1], "texture": "#3"},
				"up": {"uv": [2, 4, 0, 0], "texture": "#3"},
				"down": {"uv": [2, 4, 0, 0], "texture": "#3"}
			}
		},
		{
			"name": "ring",
			"from": [16, 0, 18],
			"to": [17, 1, 19],
			"rotation": {"angle": 0, "axis": "y", "origin": [18, 0, 19]},
			"faces": {
				"north": {"uv": [0, 0, 2, 1], "texture": "#3"},
				"east": {"uv": [0, 0, 4, 1], "texture": "#3"},
				"south": {"uv": [0, 0, 2, 1], "texture": "#3"},
				"west": {"uv": [0, 0, 4, 1], "texture": "#3"},
				"up": {"uv": [2, 4, 0, 0], "texture": "#3"},
				"down": {"uv": [2, 4, 0, 0], "texture": "#3"}
			}
		},
		{
			"name": "ring",
			"from": [14, 0, 18],
			"to": [16, 1, 20],
			"rotation": {"angle": 0, "axis": "y", "origin": [16, 0, 20]},
			"faces": {
				"north": {"uv": [0, 0, 2, 1], "texture": "#3"},
				"east": {"uv": [0, 0, 4, 1], "texture": "#3"},
				"south": {"uv": [0, 0, 2, 1], "texture": "#3"},
				"west": {"uv": [0, 0, 4, 1], "texture": "#3"},
				"up": {"uv": [2, 4, 0, 0], "texture": "#3"},
				"down": {"uv": [2, 4, 0, 0], "texture": "#3"}
			}
		},
		{
			"name": "ring",
			"from": [12, 0, 19],
			"to": [14, 1, 21],
			"rotation": {"angle": 0, "axis": "y", "origin": [14, 0, 21]},
			"faces": {
				"north": {"uv": [0, 0, 2, 1], "texture": "#3"},
				"east": {"uv": [0, 0, 4, 1], "texture": "#3"},
				"south": {"uv": [0, 0, 2, 1], "texture": "#3"},
				"west": {"uv": [0, 0, 4, 1], "texture": "#3"},
				"up": {"uv": [2, 4, 0, 0], "texture": "#3"},
				"down": {"uv": [2, 4, 0, 0], "texture": "#3"}
			}
		},
		{
			"name": "ring",
			"from": [4, 0, 20],
			"to": [12, 1, 22],
			"rotation": {"angle": 0, "axis": "y", "origin": [4, 0, 22]},
			"faces": {
				"north": {"uv": [2, 0, 0, 1], "texture": "#3"},
				"east": {"uv": [4, 0, 0, 1], "texture": "#3"},
				"south": {"uv": [2, 0, 0, 1], "texture": "#3"},
				"west": {"uv": [4, 0, 0, 1], "texture": "#3"},
				"up": {"uv": [0, 4, 2, 0], "texture": "#3"},
				"down": {"uv": [0, 4, 2, 0], "texture": "#3"}
			}
		},
		{
			"name": "spoke",
			"from": [7, 0, -4],
			"to": [9, 1, 20],
			"rotation": {"angle": 0, "axis": "y", "origin": [7, 0, 21]},
			"faces": {
				"north": {"uv": [2, 0, 0, 1], "texture": "#3"},
				"east": {"uv": [4, 0, 0, 1], "texture": "#3"},
				"south": {"uv": [2, 0, 0, 1], "texture": "#3"},
				"west": {"uv": [4, 0, 0, 1], "texture": "#3"},
				"up": {"uv": [0, 4, 2, 0], "texture": "#3"},
				"down": {"uv": [0, 4, 2, 0], "texture": "#3"}
			}
		},
		{
			"name": "spoke",
			"from": [9, 0, 7],
			"to": [20, 1, 9],
			"rotation": {"angle": 0, "axis": "y", "origin": [9, 0, 33]},
			"faces": {
				"north": {"uv": [2, 0, 0, 1], "texture": "#3"},
				"east": {"uv": [4, 0, 0, 1], "texture": "#3"},
				"south": {"uv": [2, 0, 0, 1], "texture": "#3"},
				"west": {"uv": [4, 0, 0, 1], "texture": "#3"},
				"up": {"uv": [0, 4, 2, 0], "texture": "#3"},
				"down": {"uv": [0, 4, 2, 0], "texture": "#3"}
			}
		},
		{
			"name": "spoke",
			"from": [-4, 0, 7],
			"to": [7, 1, 9],
			"rotation": {"angle": 0, "axis": "y", "origin": [-5, 0, 33]},
			"faces": {
				"north": {"uv": [2, 0, 0, 1], "texture": "#3"},
				"east": {"uv": [4, 0, 0, 1], "texture": "#3"},
				"south": {"uv": [2, 0, 0, 1], "texture": "#3"},
				"west": {"uv": [4, 0, 0, 1], "texture": "#3"},
				"up": {"uv": [0, 4, 2, 0], "texture": "#3"},
				"down": {"uv": [0, 4, 2, 0], "texture": "#3"}
			}
		},
		{
			"name": "ring",
			"from": [2, 0, 19],
			"to": [4, 1, 21],
			"rotation": {"angle": 0, "axis": "y", "origin": [2, 0, 21]},
			"faces": {
				"north": {"uv": [2, 0, 0, 1], "texture": "#3"},
				"east": {"uv": [4, 0, 0, 1], "texture": "#3"},
				"south": {"uv": [2, 0, 0, 1], "texture": "#3"},
				"west": {"uv": [4, 0, 0, 1], "texture": "#3"},
				"up": {"uv": [0, 4, 2, 0], "texture": "#3"},
				"down": {"uv": [0, 4, 2, 0], "texture": "#3"}
			}
		},
		{
			"name": "ring",
			"from": [0, 0, 18],
			"to": [2, 1, 20],
			"rotation": {"angle": 0, "axis": "y", "origin": [0, 0, 20]},
			"faces": {
				"north": {"uv": [2, 0, 0, 1], "texture": "#3"},
				"east": {"uv": [4, 0, 0, 1], "texture": "#3"},
				"south": {"uv": [2, 0, 0, 1], "texture": "#3"},
				"west": {"uv": [4, 0, 0, 1], "texture": "#3"},
				"up": {"uv": [0, 4, 2, 0], "texture": "#3"},
				"down": {"uv": [0, 4, 2, 0], "texture": "#3"}
			}
		},
		{
			"name": "ring",
			"from": [-1, 0, 18],
			"to": [0, 1, 19],
			"rotation": {"angle": 0, "axis": "y", "origin": [-2, 0, 19]},
			"faces": {
				"north": {"uv": [2, 0, 0, 1], "texture": "#3"},
				"east": {"uv": [4, 0, 0, 1], "texture": "#3"},
				"south": {"uv": [2, 0, 0, 1], "texture": "#3"},
				"west": {"uv": [4, 0, 0, 1], "texture": "#3"},
				"up": {"uv": [0, 4, 2, 0], "texture": "#3"},
				"down": {"uv": [0, 4, 2, 0], "texture": "#3"}
			}
		},
		{
			"name": "ring",
			"from": [-2, 0, 16],
			"to": [0, 1, 18],
			"rotation": {"angle": 0, "axis": "y", "origin": [-3, 0, 18]},
			"faces": {
				"north": {"uv": [2, 0, 0, 1], "texture": "#3"},
				"east": {"uv": [4, 0, 0, 1], "texture": "#3"},
				"south": {"uv": [2, 0, 0, 1], "texture": "#3"},
				"west": {"uv": [4, 0, 0, 1], "texture": "#3"},
				"up": {"uv": [0, 4, 2, 0], "texture": "#3"},
				"down": {"uv": [0, 4, 2, 0], "texture": "#3"}
			}
		},
		{
			"name": "ring",
			"from": [-3, 0, 16],
			"to": [-2, 1, 17],
			"rotation": {"angle": 0, "axis": "y", "origin": [-3, 0, 17]},
			"faces": {
				"north": {"uv": [2, 0, 0, 1], "texture": "#3"},
				"east": {"uv": [4, 0, 0, 1], "texture": "#3"},
				"south": {"uv": [2, 0, 0, 1], "texture": "#3"},
				"west": {"uv": [4, 0, 0, 1], "texture": "#3"},
				"up": {"uv": [0, 4, 2, 0], "texture": "#3"},
				"down": {"uv": [0, 4, 2, 0], "texture": "#3"}
			}
		},
		{
			"name": "ring",
			"from": [-4, 0, 14],
			"to": [-2, 1, 16],
			"rotation": {"angle": 0, "axis": "y", "origin": [-4, 0, 16]},
			"faces": {
				"north": {"uv": [2, 0, 0, 1], "texture": "#3"},
				"east": {"uv": [4, 0, 0, 1], "texture": "#3"},
				"south": {"uv": [2, 0, 0, 1], "texture": "#3"},
				"west": {"uv": [4, 0, 0, 1], "texture": "#3"},
				"up": {"uv": [0, 4, 2, 0], "texture": "#3"},
				"down": {"uv": [0, 4, 2, 0], "texture": "#3"}
			}
		},
		{
			"name": "ring",
			"from": [19, 0, 2],
			"to": [21, 1, 4],
			"rotation": {"angle": 0, "axis": "y", "origin": [21, 0, 2]},
			"faces": {
				"north": {"uv": [2, 0, 0, 1], "texture": "#3"},
				"east": {"uv": [4, 0, 0, 1], "texture": "#3"},
				"south": {"uv": [2, 0, 0, 1], "texture": "#3"},
				"west": {"uv": [4, 0, 0, 1], "texture": "#3"},
				"up": {"uv": [2, 0, 0, 4], "texture": "#3"},
				"down": {"uv": [2, 0, 0, 4], "texture": "#3"}
			}
		},
		{
			"name": "ring",
			"from": [18, 0, 0],
			"to": [20, 1, 2],
			"rotation": {"angle": 0, "axis": "y", "origin": [20, 0, 0]},
			"faces": {
				"north": {"uv": [2, 0, 0, 1], "texture": "#3"},
				"east": {"uv": [4, 0, 0, 1], "texture": "#3"},
				"south": {"uv": [2, 0, 0, 1], "texture": "#3"},
				"west": {"uv": [4, 0, 0, 1], "texture": "#3"},
				"up": {"uv": [2, 0, 0, 4], "texture": "#3"},
				"down": {"uv": [2, 0, 0, 4], "texture": "#3"}
			}
		},
		{
			"name": "ring",
			"from": [18, 0, -1],
			"to": [19, 1, 0],
			"rotation": {"angle": 0, "axis": "y", "origin": [19, 0, -1]},
			"faces": {
				"north": {"uv": [2, 0, 0, 1], "texture": "#3"},
				"east": {"uv": [4, 0, 0, 1], "texture": "#3"},
				"south": {"uv": [2, 0, 0, 1], "texture": "#3"},
				"west": {"uv": [4, 0, 0, 1], "texture": "#3"},
				"up": {"uv": [2, 0, 0, 4], "texture": "#3"},
				"down": {"uv": [2, 0, 0, 4], "texture": "#3"}
			}
		},
		{
			"name": "ring",
			"from": [16, 0, -2],
			"to": [18, 1, 0],
			"rotation": {"angle": 0, "axis": "y", "origin": [19, 0, -2]},
			"faces": {
				"north": {"uv": [2, 0, 0, 1], "texture": "#3"},
				"east": {"uv": [4, 0, 0, 1], "texture": "#3"},
				"south": {"uv": [2, 0, 0, 1], "texture": "#3"},
				"west": {"uv": [4, 0, 0, 1], "texture": "#3"},
				"up": {"uv": [2, 0, 0, 4], "texture": "#3"},
				"down": {"uv": [2, 0, 0, 4], "texture": "#3"}
			}
		},
		{
			"name": "ring",
			"from": [16, 0, -3],
			"to": [17, 1, -2],
			"rotation": {"angle": 0, "axis": "y", "origin": [18, 0, -3]},
			"faces": {
				"north": {"uv": [2, 0, 0, 1], "texture": "#3"},
				"east": {"uv": [4, 0, 0, 1], "texture": "#3"},
				"south": {"uv": [2, 0, 0, 1], "texture": "#3"},
				"west": {"uv": [4, 0, 0, 1], "texture": "#3"},
				"up": {"uv": [2, 0, 0, 4], "texture": "#3"},
				"down": {"uv": [2, 0, 0, 4], "texture": "#3"}
			}
		},
		{
			"name": "ring",
			"from": [14, 0, -4],
			"to": [16, 1, -2],
			"rotation": {"angle": 0, "axis": "y", "origin": [16, 0, -4]},
			"faces": {
				"north": {"uv": [2, 0, 0, 1], "texture": "#3"},
				"east": {"uv": [4, 0, 0, 1], "texture": "#3"},
				"south": {"uv": [2, 0, 0, 1], "texture": "#3"},
				"west": {"uv": [4, 0, 0, 1], "texture": "#3"},
				"up": {"uv": [2, 0, 0, 4], "texture": "#3"},
				"down": {"uv": [2, 0, 0, 4], "texture": "#3"}
			}
		},
		{
			"name": "ring",
			"from": [12, 0, -5],
			"to": [14, 1, -3],
			"rotation": {"angle": 0, "axis": "y", "origin": [14, 0, -5]},
			"faces": {
				"north": {"uv": [2, 0, 0, 1], "texture": "#3"},
				"east": {"uv": [4, 0, 0, 1], "texture": "#3"},
				"south": {"uv": [2, 0, 0, 1], "texture": "#3"},
				"west": {"uv": [4, 0, 0, 1], "texture": "#3"},
				"up": {"uv": [2, 0, 0, 4], "texture": "#3"},
				"down": {"uv": [2, 0, 0, 4], "texture": "#3"}
			}
		},
		{
			"name": "ring",
			"from": [20, 0, 4],
			"to": [22, 1, 12],
			"rotation": {"angle": 0, "axis": "y", "origin": [22, 0, 4]},
			"faces": {
				"north": {"uv": [2, 0, 0, 1], "texture": "#3"},
				"east": {"uv": [4, 0, 0, 1], "texture": "#3"},
				"south": {"uv": [2, 0, 0, 1], "texture": "#3"},
				"west": {"uv": [4, 0, 0, 1], "texture": "#3"},
				"up": {"uv": [2, 0, 0, 4], "texture": "#3"},
				"down": {"uv": [2, 0, 0, 4], "texture": "#3"}
			}
		},
		{
			"name": "ring",
			"from": [-5, 0, 12],
			"to": [-3, 1, 14],
			"rotation": {"angle": 0, "axis": "y", "origin": [-5, 0, 14]},
			"faces": {
				"north": {"uv": [2, 0, 0, 1], "texture": "#3"},
				"east": {"uv": [4, 0, 0, 1], "texture": "#3"},
				"south": {"uv": [2, 0, 0, 1], "texture": "#3"},
				"west": {"uv": [4, 0, 0, 1], "texture": "#3"},
				"up": {"uv": [0, 4, 2, 0], "texture": "#3"},
				"down": {"uv": [0, 4, 2, 0], "texture": "#3"}
			}
		},
		{
			"name": "ring",
			"from": [-6, 0, 4],
			"to": [-4, 1, 12],
			"rotation": {"angle": 0, "axis": "y", "origin": [-6, 0, 4]},
			"faces": {
				"north": {"uv": [0, 0, 2, 1], "texture": "#3"},
				"east": {"uv": [0, 0, 4, 1], "texture": "#3"},
				"south": {"uv": [0, 0, 2, 1], "texture": "#3"},
				"west": {"uv": [0, 0, 4, 1], "texture": "#3"},
				"up": {"uv": [0, 0, 2, 4], "texture": "#3"},
				"down": {"uv": [0, 0, 2, 4], "texture": "#3"}
			}
		},
		{
			"name": "tooth",
			"from": [6, 0, -9],
			"to": [8, 1, -6],
			"rotation": {"angle": 0, "axis": "y", "origin": [6, 0, -6]},
			"faces": {
				"north": {"uv": [0, 0, 2, 1], "texture": "#particle"},
				"east": {"uv": [0, 0, 2, 1], "texture": "#particle"},
				"south": {"uv": [0, 0, 2, 1], "texture": "#particle"},
				"west": {"uv": [0, 0, 2, 1], "texture": "#particle"},
				"up": {"uv": [0, 0, 2, 2], "rotation": 90, "texture": "#particle"},
				"down": {"uv": [0, 0, 2, 2], "rotation": 270, "texture": "#particle"}
			}
		},
		{
			"name": "tooth",
			"from": [22, 0, 6],
			"to": [25, 1, 8],
			"rotation": {"angle": 0, "axis": "y", "origin": [22, 0, 9]},
			"faces": {
				"north": {"uv": [0, 0, 2, 1], "texture": "#particle"},
				"east": {"uv": [0, 0, 2, 1], "texture": "#particle"},
				"south": {"uv": [0, 0, 2, 1], "texture": "#particle"},
				"west": {"uv": [0, 0, 2, 1], "texture": "#particle"},
				"up": {"uv": [0, 0, 2, 2], "rotation": 90, "texture": "#particle"},
				"down": {"uv": [0, 0, 2, 2], "rotation": 270, "texture": "#particle"}
			}
		},
		{
			"name": "tooth",
			"from": [-9, 0, 8],
			"to": [-6, 1, 10],
			"rotation": {"angle": 0, "axis": "y", "origin": [-9, 0, 11]},
			"faces": {
				"north": {"uv": [0, 0, 2, 1], "texture": "#particle"},
				"east": {"uv": [0, 0, 2, 1], "texture": "#particle"},
				"south": {"uv": [0, 0, 2, 1], "texture": "#particle"},
				"west": {"uv": [0, 0, 2, 1], "texture": "#particle"},
				"up": {"uv": [0, 0, 2, 2], "rotation": 90, "texture": "#particle"},
				"down": {"uv": [0, 0, 2, 2], "rotation": 270, "texture": "#particle"}
			}
		},
		{
			"name": "tooth",
			"from": [-5, 0, -3],
			"to": [-3, 1, -1],
			"rotation": {"angle": 0, "axis": "y", "origin": [-5, 0, -1]},
			"faces": {
				"north": {"uv": [0, 0, 2, 1], "texture": "#particle"},
				"east": {"uv": [0, 0, 2, 1], "texture": "#particle"},
				"south": {"uv": [0, 0, 2, 1], "texture": "#particle"},
				"west": {"uv": [0, 0, 2, 1], "texture": "#particle"},
				"up": {"uv": [0, 0, 2, 2], "rotation": 90, "texture": "#particle"},
				"down": {"uv": [0, 0, 2, 2], "rotation": 270, "texture": "#particle"}
			}
		},
		{
			"name": "tooth",
			"from": [1, 0, -5],
			"to": [2, 1, -4],
			"rotation": {"angle": 0, "axis": "y", "origin": [1, 0, -4]},
			"faces": {
				"north": {"uv": [0, 0, 2, 1], "texture": "#particle"},
				"east": {"uv": [0, 0, 2, 1], "texture": "#particle"},
				"south": {"uv": [0, 0, 2, 1], "texture": "#particle"},
				"west": {"uv": [0, 0, 2, 1], "texture": "#particle"},
				"up": {"uv": [0, 0, 2, 2], "rotation": 90, "texture": "#particle"},
				"down": {"uv": [0, 0, 2, 2], "rotation": 270, "texture": "#particle"}
			}
		},
		{
			"name": "tooth",
			"from": [2, 0, -6],
			"to": [3, 1, -5],
			"rotation": {"angle": 0, "axis": "y", "origin": [2, 0, -5]},
			"faces": {
				"north": {"uv": [0, 0, 2, 1], "texture": "#particle"},
				"east": {"uv": [0, 0, 2, 1], "texture": "#particle"},
				"south": {"uv": [0, 0, 2, 1], "texture": "#particle"},
				"west": {"uv": [0, 0, 2, 1], "texture": "#particle"},
				"up": {"uv": [0, 0, 2, 2], "rotation": 90, "texture": "#particle"},
				"down": {"uv": [0, 0, 2, 2], "rotation": 270, "texture": "#particle"}
			}
		},
		{
			"name": "tooth",
			"from": [0, 0, -7],
			"to": [2, 1, -5],
			"rotation": {"angle": 0, "axis": "y", "origin": [0, 0, -5]},
			"faces": {
				"north": {"uv": [0, 0, 2, 1], "texture": "#particle"},
				"east": {"uv": [0, 0, 2, 1], "texture": "#particle"},
				"south": {"uv": [0, 0, 2, 1], "texture": "#particle"},
				"west": {"uv": [0, 0, 2, 1], "texture": "#particle"},
				"up": {"uv": [0, 0, 2, 2], "rotation": 90, "texture": "#particle"},
				"down": {"uv": [0, 0, 2, 2], "rotation": 270, "texture": "#particle"}
			}
		},
		{
			"name": "tooth",
			"from": [-3, 0, -2],
			"to": [-2, 1, -1],
			"rotation": {"angle": 0, "axis": "y", "origin": [-3, 0, -1]},
			"faces": {
				"north": {"uv": [0, 0, 2, 1], "texture": "#particle"},
				"east": {"uv": [0, 0, 2, 1], "texture": "#particle"},
				"south": {"uv": [0, 0, 2, 1], "texture": "#particle"},
				"west": {"uv": [0, 0, 2, 1], "texture": "#particle"},
				"up": {"uv": [0, 0, 2, 2], "rotation": 90, "texture": "#particle"},
				"down": {"uv": [0, 0, 2, 2], "rotation": 270, "texture": "#particle"}
			}
		},
		{
			"name": "tooth",
			"from": [-7, 0, 4],
			"to": [-6, 1, 5],
			"rotation": {"angle": 0, "axis": "y", "origin": [-7, 0, 5]},
			"faces": {
				"north": {"uv": [0, 0, 2, 1], "texture": "#particle"},
				"east": {"uv": [0, 0, 2, 1], "texture": "#particle"},
				"south": {"uv": [0, 0, 2, 1], "texture": "#particle"},
				"west": {"uv": [0, 0, 2, 1], "texture": "#particle"},
				"up": {"uv": [0, 0, 2, 2], "rotation": 90, "texture": "#particle"},
				"down": {"uv": [0, 0, 2, 2], "rotation": 270, "texture": "#particle"}
			}
		},
		{
			"name": "tooth",
			"from": [-8, 0, 2],
			"to": [-6, 1, 4],
			"rotation": {"angle": 0, "axis": "y", "origin": [-8, 0, 4]},
			"faces": {
				"north": {"uv": [0, 0, 2, 1], "texture": "#particle"},
				"east": {"uv": [0, 0, 2, 1], "texture": "#particle"},
				"south": {"uv": [0, 0, 2, 1], "texture": "#particle"},
				"west": {"uv": [0, 0, 2, 1], "texture": "#particle"},
				"up": {"uv": [0, 0, 2, 2], "rotation": 90, "texture": "#particle"},
				"down": {"uv": [0, 0, 2, 2], "rotation": 270, "texture": "#particle"}
			}
		},
		{
			"name": "tooth",
			"from": [-6, 0, 3],
			"to": [-5, 1, 4],
			"rotation": {"angle": 0, "axis": "y", "origin": [-6, 0, 4]},
			"faces": {
				"north": {"uv": [0, 0, 2, 1], "texture": "#particle"},
				"east": {"uv": [0, 0, 2, 1], "texture": "#particle"},
				"south": {"uv": [0, 0, 2, 1], "texture": "#particle"},
				"west": {"uv": [0, 0, 2, 1], "texture": "#particle"},
				"up": {"uv": [0, 0, 2, 2], "rotation": 90, "texture": "#particle"},
				"down": {"uv": [0, 0, 2, 2], "rotation": 270, "texture": "#particle"}
			}
		},
		{
			"name": "tooth",
			"from": [-4, 0, -1],
			"to": [-3, 1, 0],
			"rotation": {"angle": 0, "axis": "y", "origin": [-4, 0, 0]},
			"faces": {
				"north": {"uv": [0, 0, 2, 1], "texture": "#particle"},
				"east": {"uv": [0, 0, 2, 1], "texture": "#particle"},
				"south": {"uv": [0, 0, 2, 1], "texture": "#particle"},
				"west": {"uv": [0, 0, 2, 1], "texture": "#particle"},
				"up": {"uv": [0, 0, 2, 2], "rotation": 90, "texture": "#particle"},
				"down": {"uv": [0, 0, 2, 2], "rotation": 270, "texture": "#particle"}
			}
		},
		{
			"name": "tooth",
			"from": [17, 0, -5],
			"to": [19, 1, -3],
			"rotation": {"angle": 0, "axis": "y", "origin": [19, 0, -3]},
			"faces": {
				"north": {"uv": [0, 0, 2, 1], "texture": "#particle"},
				"east": {"uv": [0, 0, 2, 1], "texture": "#particle"},
				"south": {"uv": [0, 0, 2, 1], "texture": "#particle"},
				"west": {"uv": [0, 0, 2, 1], "texture": "#particle"},
				"up": {"uv": [0, 0, 2, 2], "rotation": 90, "texture": "#particle"},
				"down": {"uv": [0, 0, 2, 2], "rotation": 270, "texture": "#particle"}
			}
		},
		{
			"name": "tooth",
			"from": [20, 0, 1],
			"to": [21, 1, 2],
			"rotation": {"angle": 0, "axis": "y", "origin": [20, 0, 2]},
			"faces": {
				"north": {"uv": [0, 0, 2, 1], "texture": "#particle"},
				"east": {"uv": [0, 0, 2, 1], "texture": "#particle"},
				"south": {"uv": [0, 0, 2, 1], "texture": "#particle"},
				"west": {"uv": [0, 0, 2, 1], "texture": "#particle"},
				"up": {"uv": [0, 0, 2, 2], "rotation": 90, "texture": "#particle"},
				"down": {"uv": [0, 0, 2, 2], "rotation": 270, "texture": "#particle"}
			}
		},
		{
			"name": "tooth",
			"from": [21, 0, 2],
			"to": [22, 1, 3],
			"rotation": {"angle": 0, "axis": "y", "origin": [22, 0, 2]},
			"faces": {
				"north": {"uv": [0, 0, 2, 1], "texture": "#particle"},
				"east": {"uv": [0, 0, 2, 1], "texture": "#particle"},
				"south": {"uv": [0, 0, 2, 1], "texture": "#particle"},
				"west": {"uv": [0, 0, 2, 1], "texture": "#particle"},
				"up": {"uv": [0, 0, 2, 2], "rotation": 90, "texture": "#particle"},
				"down": {"uv": [0, 0, 2, 2], "rotation": 270, "texture": "#particle"}
			}
		},
		{
			"name": "tooth",
			"from": [21, 0, 0],
			"to": [23, 1, 2],
			"rotation": {"angle": 0, "axis": "y", "origin": [23, 0, 2]},
			"faces": {
				"north": {"uv": [0, 0, 2, 1], "texture": "#particle"},
				"east": {"uv": [0, 0, 2, 1], "texture": "#particle"},
				"south": {"uv": [0, 0, 2, 1], "texture": "#particle"},
				"west": {"uv": [0, 0, 2, 1], "texture": "#particle"},
				"up": {"uv": [0, 0, 2, 2], "rotation": 90, "texture": "#particle"},
				"down": {"uv": [0, 0, 2, 2], "rotation": 270, "texture": "#particle"}
			}
		},
		{
			"name": "tooth",
			"from": [12, 0, -8],
			"to": [14, 1, -6],
			"rotation": {"angle": 0, "axis": "y", "origin": [14, 0, -6]},
			"faces": {
				"north": {"uv": [0, 0, 2, 1], "texture": "#particle"},
				"east": {"uv": [0, 0, 2, 1], "texture": "#particle"},
				"south": {"uv": [0, 0, 2, 1], "texture": "#particle"},
				"west": {"uv": [0, 0, 2, 1], "texture": "#particle"},
				"up": {"uv": [0, 0, 2, 2], "rotation": 90, "texture": "#particle"},
				"down": {"uv": [0, 0, 2, 2], "rotation": 270, "texture": "#particle"}
			}
		},
		{
			"name": "tooth",
			"from": [-2, 0, 18],
			"to": [-1, 1, 19],
			"rotation": {"angle": 0, "axis": "y", "origin": [-2, 0, 19]},
			"faces": {
				"north": {"uv": [0, 0, 2, 1], "texture": "#particle"},
				"east": {"uv": [0, 0, 2, 1], "texture": "#particle"},
				"south": {"uv": [0, 0, 2, 1], "texture": "#particle"},
				"west": {"uv": [0, 0, 2, 1], "texture": "#particle"},
				"up": {"uv": [2, 2, 0, 0], "rotation": 90, "texture": "#particle"},
				"down": {"uv": [2, 2, 0, 0], "rotation": 270, "texture": "#particle"}
			}
		},
		{
			"name": "tooth",
			"from": [2, 0, 22],
			"to": [4, 1, 24],
			"rotation": {"angle": 0, "axis": "y", "origin": [2, 0, 22]},
			"faces": {
				"north": {"uv": [0, 0, 2, 1], "texture": "#particle"},
				"east": {"uv": [0, 0, 2, 1], "texture": "#particle"},
				"south": {"uv": [0, 0, 2, 1], "texture": "#particle"},
				"west": {"uv": [0, 0, 2, 1], "texture": "#particle"},
				"up": {"uv": [2, 2, 0, 0], "rotation": 90, "texture": "#particle"},
				"down": {"uv": [2, 2, 0, 0], "rotation": 270, "texture": "#particle"}
			}
		},
		{
			"name": "tooth",
			"from": [4, 0, 22],
			"to": [5, 1, 23],
			"rotation": {"angle": 0, "axis": "y", "origin": [5, 0, 22]},
			"faces": {
				"north": {"uv": [0, 0, 2, 1], "texture": "#particle"},
				"east": {"uv": [0, 0, 2, 1], "texture": "#particle"},
				"south": {"uv": [0, 0, 2, 1], "texture": "#particle"},
				"west": {"uv": [0, 0, 2, 1], "texture": "#particle"},
				"up": {"uv": [2, 2, 0, 0], "rotation": 90, "texture": "#particle"},
				"down": {"uv": [2, 2, 0, 0], "rotation": 270, "texture": "#particle"}
			}
		},
		{
			"name": "tooth",
			"from": [3, 0, 21],
			"to": [4, 1, 22],
			"rotation": {"angle": 0, "axis": "y", "origin": [3, 0, 22]},
			"faces": {
				"north": {"uv": [0, 0, 2, 1], "texture": "#particle"},
				"east": {"uv": [0, 0, 2, 1], "texture": "#particle"},
				"south": {"uv": [0, 0, 2, 1], "texture": "#particle"},
				"west": {"uv": [0, 0, 2, 1], "texture": "#particle"},
				"up": {"uv": [2, 2, 0, 0], "rotation": 90, "texture": "#particle"},
				"down": {"uv": [2, 2, 0, 0], "rotation": 270, "texture": "#particle"}
			}
		},
		{
			"name": "tooth",
			"from": [-1, 0, 19],
			"to": [0, 1, 20],
			"rotation": {"angle": 0, "axis": "y", "origin": [0, 0, 19]},
			"faces": {
				"north": {"uv": [0, 0, 2, 1], "texture": "#particle"},
				"east": {"uv": [0, 0, 2, 1], "texture": "#particle"},
				"south": {"uv": [0, 0, 2, 1], "texture": "#particle"},
				"west": {"uv": [0, 0, 2, 1], "texture": "#particle"},
				"up": {"uv": [2, 2, 0, 0], "rotation": 90, "texture": "#particle"},
				"down": {"uv": [2, 2, 0, 0], "rotation": 270, "texture": "#particle"}
			}
		},
		{
			"name": "tooth",
			"from": [-6, 0, 13],
			"to": [-5, 1, 14],
			"rotation": {"angle": 0, "axis": "y", "origin": [-6, 0, 14]},
			"faces": {
				"north": {"uv": [0, 0, 2, 1], "texture": "#particle"},
				"east": {"uv": [0, 0, 2, 1], "texture": "#particle"},
				"south": {"uv": [0, 0, 2, 1], "texture": "#particle"},
				"west": {"uv": [0, 0, 2, 1], "texture": "#particle"},
				"up": {"uv": [2, 2, 0, 0], "rotation": 90, "texture": "#particle"},
				"down": {"uv": [2, 2, 0, 0], "rotation": 270, "texture": "#particle"}
			}
		},
		{
			"name": "tooth",
			"from": [-7, 0, 14],
			"to": [-5, 1, 16],
			"rotation": {"angle": 0, "axis": "y", "origin": [-7, 0, 14]},
			"faces": {
				"north": {"uv": [0, 0, 2, 1], "texture": "#particle"},
				"east": {"uv": [0, 0, 2, 1], "texture": "#particle"},
				"south": {"uv": [0, 0, 2, 1], "texture": "#particle"},
				"west": {"uv": [0, 0, 2, 1], "texture": "#particle"},
				"up": {"uv": [2, 2, 0, 0], "rotation": 90, "texture": "#particle"},
				"down": {"uv": [2, 2, 0, 0], "rotation": 270, "texture": "#particle"}
			}
		},
		{
			"name": "tooth",
			"from": [-5, 0, 14],
			"to": [-4, 1, 15],
			"rotation": {"angle": 0, "axis": "y", "origin": [-4, 0, 14]},
			"faces": {
				"north": {"uv": [0, 0, 2, 1], "texture": "#particle"},
				"east": {"uv": [0, 0, 2, 1], "texture": "#particle"},
				"south": {"uv": [0, 0, 2, 1], "texture": "#particle"},
				"west": {"uv": [0, 0, 2, 1], "texture": "#particle"},
				"up": {"uv": [2, 2, 0, 0], "rotation": 90, "texture": "#particle"},
				"down": {"uv": [2, 2, 0, 0], "rotation": 270, "texture": "#particle"}
			}
		},
		{
			"name": "tooth",
			"from": [-3, 0, 19],
			"to": [-1, 1, 21],
			"rotation": {"angle": 0, "axis": "y", "origin": [-3, 0, 19]},
			"faces": {
				"north": {"uv": [0, 0, 2, 1], "texture": "#particle"},
				"east": {"uv": [0, 0, 2, 1], "texture": "#particle"},
				"south": {"uv": [0, 0, 2, 1], "texture": "#particle"},
				"west": {"uv": [0, 0, 2, 1], "texture": "#particle"},
				"up": {"uv": [2, 2, 0, 0], "rotation": 90, "texture": "#particle"},
				"down": {"uv": [2, 2, 0, 0], "rotation": 270, "texture": "#particle"}
			}
		},
		{
			"name": "tooth",
			"from": [19, 0, 16],
			"to": [20, 1, 17],
			"rotation": {"angle": 0, "axis": "y", "origin": [20, 0, 17]},
			"faces": {
				"north": {"uv": [2, 0, 0, 1], "texture": "#particle"},
				"east": {"uv": [2, 0, 0, 1], "texture": "#particle"},
				"south": {"uv": [2, 0, 0, 1], "texture": "#particle"},
				"west": {"uv": [2, 0, 0, 1], "texture": "#particle"},
				"up": {"uv": [2, 0, 0, 2], "rotation": 90, "texture": "#particle"},
				"down": {"uv": [2, 0, 0, 2], "rotation": 270, "texture": "#particle"}
			}
		},
		{
			"name": "tooth",
			"from": [18, 0, 17],
			"to": [19, 1, 18],
			"rotation": {"angle": 0, "axis": "y", "origin": [18, 0, 17]},
			"faces": {
				"north": {"uv": [2, 0, 0, 1], "texture": "#particle"},
				"east": {"uv": [2, 0, 0, 1], "texture": "#particle"},
				"south": {"uv": [2, 0, 0, 1], "texture": "#particle"},
				"west": {"uv": [2, 0, 0, 1], "texture": "#particle"},
				"up": {"uv": [2, 0, 0, 2], "rotation": 90, "texture": "#particle"},
				"down": {"uv": [2, 0, 0, 2], "rotation": 270, "texture": "#particle"}
			}
		},
		{
			"name": "tooth",
			"from": [19, 0, 17],
			"to": [21, 1, 19],
			"rotation": {"angle": 0, "axis": "y", "origin": [21, 0, 17]},
			"faces": {
				"north": {"uv": [2, 0, 0, 1], "texture": "#particle"},
				"east": {"uv": [2, 0, 0, 1], "texture": "#particle"},
				"south": {"uv": [2, 0, 0, 1], "texture": "#particle"},
				"west": {"uv": [2, 0, 0, 1], "texture": "#particle"},
				"up": {"uv": [2, 0, 0, 2], "rotation": 90, "texture": "#particle"},
				"down": {"uv": [2, 0, 0, 2], "rotation": 270, "texture": "#particle"}
			}
		},
		{
			"name": "tooth",
			"from": [13, 0, 21],
			"to": [14, 1, 22],
			"rotation": {"angle": 0, "axis": "y", "origin": [13, 0, 21]},
			"faces": {
				"north": {"uv": [2, 0, 0, 1], "texture": "#particle"},
				"east": {"uv": [2, 0, 0, 1], "texture": "#particle"},
				"south": {"uv": [2, 0, 0, 1], "texture": "#particle"},
				"west": {"uv": [2, 0, 0, 1], "texture": "#particle"},
				"up": {"uv": [2, 0, 0, 2], "rotation": 90, "texture": "#particle"},
				"down": {"uv": [2, 0, 0, 2], "rotation": 270, "texture": "#particle"}
			}
		},
		{
			"name": "tooth",
			"from": [14, 0, 20],
			"to": [15, 1, 21],
			"rotation": {"angle": 0, "axis": "y", "origin": [15, 0, 21]},
			"faces": {
				"north": {"uv": [2, 0, 0, 1], "texture": "#particle"},
				"east": {"uv": [2, 0, 0, 1], "texture": "#particle"},
				"south": {"uv": [2, 0, 0, 1], "texture": "#particle"},
				"west": {"uv": [2, 0, 0, 1], "texture": "#particle"},
				"up": {"uv": [2, 0, 0, 2], "rotation": 90, "texture": "#particle"},
				"down": {"uv": [2, 0, 0, 2], "rotation": 270, "texture": "#particle"}
			}
		},
		{
			"name": "tooth",
			"from": [14, 0, 21],
			"to": [16, 1, 23],
			"rotation": {"angle": 0, "axis": "y", "origin": [16, 0, 21]},
			"faces": {
				"north": {"uv": [2, 0, 0, 1], "texture": "#particle"},
				"east": {"uv": [2, 0, 0, 1], "texture": "#particle"},
				"south": {"uv": [2, 0, 0, 1], "texture": "#particle"},
				"west": {"uv": [2, 0, 0, 1], "texture": "#particle"},
				"up": {"uv": [2, 0, 0, 2], "rotation": 90, "texture": "#particle"},
				"down": {"uv": [2, 0, 0, 2], "rotation": 270, "texture": "#particle"}
			}
		},
		{
			"name": "tooth",
			"from": [22, 0, 11],
			"to": [23, 1, 12],
			"rotation": {"angle": 0, "axis": "y", "origin": [23, 0, 12]},
			"faces": {
				"north": {"uv": [2, 0, 0, 1], "texture": "#particle"},
				"east": {"uv": [2, 0, 0, 1], "texture": "#particle"},
				"south": {"uv": [2, 0, 0, 1], "texture": "#particle"},
				"west": {"uv": [2, 0, 0, 1], "texture": "#particle"},
				"up": {"uv": [2, 0, 0, 2], "rotation": 90, "texture": "#particle"},
				"down": {"uv": [2, 0, 0, 2], "rotation": 270, "texture": "#particle"}
			}
		},
		{
			"name": "tooth",
			"from": [21, 0, 12],
			"to": [22, 1, 13],
			"rotation": {"angle": 0, "axis": "y", "origin": [21, 0, 12]},
			"faces": {
				"north": {"uv": [2, 0, 0, 1], "texture": "#particle"},
				"east": {"uv": [2, 0, 0, 1], "texture": "#particle"},
				"south": {"uv": [2, 0, 0, 1], "texture": "#particle"},
				"west": {"uv": [2, 0, 0, 1], "texture": "#particle"},
				"up": {"uv": [2, 0, 0, 2], "rotation": 90, "texture": "#particle"},
				"down": {"uv": [2, 0, 0, 2], "rotation": 270, "texture": "#particle"}
			}
		},
		{
			"name": "tooth",
			"from": [22, 0, 12],
			"to": [24, 1, 14],
			"rotation": {"angle": 0, "axis": "y", "origin": [24, 0, 12]},
			"faces": {
				"north": {"uv": [2, 0, 0, 1], "texture": "#particle"},
				"east": {"uv": [2, 0, 0, 1], "texture": "#particle"},
				"south": {"uv": [2, 0, 0, 1], "texture": "#particle"},
				"west": {"uv": [2, 0, 0, 1], "texture": "#particle"},
				"up": {"uv": [2, 0, 0, 2], "rotation": 90, "texture": "#particle"},
				"down": {"uv": [2, 0, 0, 2], "rotation": 270, "texture": "#particle"}
			}
		},
		{
			"name": "tooth",
			"from": [16, 0, -4],
			"to": [17, 1, -3],
			"rotation": {"angle": 0, "axis": "y", "origin": [16, 0, -3]},
			"faces": {
				"north": {"uv": [0, 0, 2, 1], "texture": "#particle"},
				"east": {"uv": [0, 0, 2, 1], "texture": "#particle"},
				"south": {"uv": [0, 0, 2, 1], "texture": "#particle"},
				"west": {"uv": [0, 0, 2, 1], "texture": "#particle"},
				"up": {"uv": [0, 0, 2, 2], "rotation": 90, "texture": "#particle"},
				"down": {"uv": [0, 0, 2, 2], "rotation": 270, "texture": "#particle"}
			}
		},
		{
			"name": "tooth",
			"from": [12, 0, -6],
			"to": [13, 1, -5],
			"rotation": {"angle": 0, "axis": "y", "origin": [12, 0, -5]},
			"faces": {
				"north": {"uv": [0, 0, 2, 1], "texture": "#particle"},
				"east": {"uv": [0, 0, 2, 1], "texture": "#particle"},
				"south": {"uv": [0, 0, 2, 1], "texture": "#particle"},
				"west": {"uv": [0, 0, 2, 1], "texture": "#particle"},
				"up": {"uv": [0, 0, 2, 2], "rotation": 90, "texture": "#particle"},
				"down": {"uv": [0, 0, 2, 2], "rotation": 270, "texture": "#particle"}
			}
		},
		{
			"name": "tooth",
			"from": [11, 0, -7],
			"to": [12, 1, -6],
			"rotation": {"angle": 0, "axis": "y", "origin": [11, 0, -6]},
			"faces": {
				"north": {"uv": [0, 0, 2, 1], "texture": "#particle"},
				"east": {"uv": [0, 0, 2, 1], "texture": "#particle"},
				"south": {"uv": [0, 0, 2, 1], "texture": "#particle"},
				"west": {"uv": [0, 0, 2, 1], "texture": "#particle"},
				"up": {"uv": [0, 0, 2, 2], "rotation": 90, "texture": "#particle"},
				"down": {"uv": [0, 0, 2, 2], "rotation": 270, "texture": "#particle"}
			}
		},
		{
			"name": "tooth",
			"from": [17, 0, -3],
			"to": [18, 1, -2],
			"rotation": {"angle": 0, "axis": "y", "origin": [18, 0, -3]},
			"faces": {
				"north": {"uv": [0, 0, 2, 1], "texture": "#particle"},
				"east": {"uv": [0, 0, 2, 1], "texture": "#particle"},
				"south": {"uv": [0, 0, 2, 1], "texture": "#particle"},
				"west": {"uv": [0, 0, 2, 1], "texture": "#particle"},
				"up": {"uv": [0, 0, 2, 2], "rotation": 90, "texture": "#particle"},
				"down": {"uv": [0, 0, 2, 2], "rotation": 270, "texture": "#particle"}
			}
		},
		{
			"name": "tooth",
			"from": [8, 0, 22],
			"to": [10, 1, 25],
			"rotation": {"angle": 0, "axis": "y", "origin": [8, 0, 25]},
			"faces": {
				"north": {"uv": [0, 0, 2, 1], "texture": "#particle"},
				"east": {"uv": [0, 0, 2, 1], "texture": "#particle"},
				"south": {"uv": [0, 0, 2, 1], "texture": "#particle"},
				"west": {"uv": [0, 0, 2, 1], "texture": "#particle"},
				"up": {"uv": [0, 0, 2, 2], "rotation": 90, "texture": "#particle"},
				"down": {"uv": [0, 0, 2, 2], "rotation": 270, "texture": "#particle"}
			}
		}
	],
	"gui_light": "front",
	"display": {
		"thirdperson_righthand": {
			"rotation": [180, 0, 0],
			"translation": [0, -3.5, 0],
			"scale": [0.5, 0.5, 0.5]
		},
		"thirdperson_lefthand": {
			"rotation": [180, 0, 0],
			"translation": [0, -3.5, 0],
			"scale": [0.5, 0.5, 0.5]
		},
		"firstperson_righthand": {
			"rotation": [90, 0, 0],
			"scale": [0.5, 0.5, 0.5]
		},
		"firstperson_lefthand": {
			"rotation": [90, 0, 0],
			"scale": [0.5, 0.5, 0.5]
		},
		"ground": {
			"translation": [0, 6.5, 0]
		},
		"gui": {
			"rotation": [90, 0, 0],
			"scale": [0.45, 0.45, 0.45]
		},
		"fixed": {
			"rotation": [90, 0, 0],
			"translation": [0, 0, 50],
			"scale": [2, 2, 2]
		}
	},
	"groups": [
		{
			"name": "GearBody",
			"origin": [14, 0, 7],
			"color": 0,
			"children": [0, 1, 2, 3, 4, 5, 6, 7, 8, 9, 10, 11, 12, 13, 14, 15, 16, 17, 18, 19, 20, 21, 22, 23, 24, 25, 26, 27, 28, 29, 30, 31, 32, 33, 34, 35, 36, 37, 38, 39, 40, 41, 42]
		},
		{
			"name": "GearTeeth",
			"origin": [8, 8, 8],
			"color": 0,
			"children": [43, 44, 45, 46, 47, 48, 49, 50, 51, 52, 53, 54, 55, 56, 57, 58, 59, 60, 61, 62, 63, 64, 65, 66, 67, 68, 69, 70, 71, 72, 73, 74, 75, 76, 77, 78, 79, 80, 81, 82]
		}
	]
}