{
    "train": {
      "sounds": [
      {
          "name":"custom:train",
          "stream":true
      }]
    },
    "open_valve": {
      "sounds": [
      {
          "name":"custom:open_valve",
          "stream":true
      }]
    },
    "boom": {
      "sounds": [
      {
          "name":"custom:boom",
          "stream":true
      }]
    },
    "turn_gears": {
      "sounds": [
      {
          "name":"custom:turn_gears",
          "stream":true
      }]
    },
    "amb1": {
      "sounds": [
      {
          "name":"custom:amb1",
          "stream":true
      }]
    },
    "amb2": {
      "sounds": [
      {
          "name":"custom:amb2",
          "stream":true
      }]
    },
    "amb3": {
      "sounds": [
      {
          "name":"custom:amb3",
          "stream":true
      }]
    },
    "amb4": {
      "sounds": [
      {
          "name":"custom:amb3",
          "stream":true
      }]
    },
    "fanfare": {
      "sounds": [
      {
          "name":"custom:fanfare",
          "stream":true
      }]
    }
  }